"population","median_income","state","county"
26201,33368,"01","005"
22580,43404,"01","007"
10478,29655,"01","011"
115527,43686,"01","015"
33895,37342,"01","017"
24625,33827,"01","025"
16657,36541,"01","057"
227120,46545,"01","101"
94738,41104,"01","095"
57667,47412,"01","009"
17110,45569,"01","067"
353213,61318,"01","089"
55036,55317,"01","001"
40756,42181,"01","123"
26572,39293,"01","061"
10919,27012,"01","131"
23968,35362,"01","133"
203360,52562,"01","003"
81703,40997,"01","043"
80989,54981,"01","051"
104108,42803,"01","069"
52326,39281,"01","071"
80888,39219,"01","121"
204424,50513,"01","125"
16746,42185,"01","129"
13407,37287,"01","027"
51073,49821,"01","031"
119157,47529,"01","103"
33287,35684,"01","109"
43805,43501,"01","021"
54435,45477,"01","033"
10955,34792,"01","037"
49393,44711,"01","045"
14995,34679,"01","065"
103132,42064,"01","055"
71194,38842,"01","049"
37621,35026,"01","053"
14021,36016,"01","075"
22530,39485,"01","111"
20126,36326,"01","013"
414328,45802,"01","097"
9680,22973,"01","105"
64927,38872,"01","127"
14939,37396,"01","029"
12649,30434,"01","035"
8533,20954,"01","063"
30058,35719,"01","093"
20170,36220,"01","107"
13084,21663,"01","119"
659460,49321,"01","073"
13188,32122,"01","023"
31507,39501,"01","059"
19743,32255,"01","091"
58480,38988,"01","113"
25855,40041,"01","019"
37519,39467,"01","039"
13866,38937,"01","041"
40755,30065,"01","047"
92590,44888,"01","077"
10362,29785,"01","085"
19358,32308,"01","087"
91695,52831,"01","083"
208721,74063,"01","117"
86937,53483,"01","115"
21745,26036,"01","099"
33288,43779,"01","079"
156597,47564,"01","081"
2303,83295,"02","068"
9439,86019,"02","261"
57961,65279,"02","122"
6889,63866,"02","240"
5453,37819,"02","290"
298225,82271,"02","020"
3338,66607,"02","013"
3275,63490,"02","195"
8129,36468,"02","158"
2146,57900,"02","105"
1038,70673,"02","230"
6473,52114,"02","198"
2475,56094,"02","275"
5784,85192,"02","016"
917,79500,"02","060"
13773,74167,"02","150"
7715,61533,"02","188"
17957,53853,"02","050"
9757,77266,"02","185"
8810,70765,"02","220"
100031,76250,"02","090"
13745,67321,"02","130"
101135,74887,"02","170"
9869,53821,"02","180"
4974,58708,"02","070"
2537,70640,"02","100"
682,64583,"02","282"
32434,90749,"02","110"
1301,45208,"02","164"
1007257,48676,"04","019"
4155501,58580,"04","013"
53145,41179,"04","007"
37700,48173,"04","009"
46358,39630,"04","023"
126516,47847,"04","003"
20477,36479,"04","012"
204691,41567,"04","015"
71602,32360,"04","001"
138639,53523,"04","005"
220972,48259,"04","025"
204281,43253,"04","027"
9368,56298,"04","011"
107902,38798,"04","017"
405537,52628,"04","021"
49278,38558,"05","035"
17803,39472,"05","047"
223683,47452,"05","143"
16751,34428,"05","141"
40022,41106,"05","139"
6763,30097,"05","147"
37212,40727,"05","009"
13521,39135,"05","065"
25361,42312,"05","023"
8332,44840,"05","025"
37097,39945,"05","063"
17429,32783,"05","067"
22154,38701,"05","057"
17041,31792,"05","135"
13885,38873,"05","079"
21802,37982,"05","083"
12443,33091,"05","137"
18076,49968,"05","053"
18352,38532,"05","001"
12494,36963,"05","081"
17164,41081,"05","037"
7585,35794,"05","039"
116252,58985,"05","125"
121282,50316,"05","045"
41093,40072,"05","005"
20771,36407,"05","003"
10893,36893,"05","109"
71373,37630,"05","069"
104246,45672,"05","031"
251823,61271,"05","007"
16777,37603,"05","075"
44197,45566,"05","055"
16374,36113,"05","089"
9059,35252,"05","097"
7051,32500,"05","073"
10320,46168,"05","105"
19518,26652,"05","107"
10584,37396,"05","127"
7925,36716,"05","129"
24098,37487,"05","111"
17206,43675,"05","133"
7420,31584,"05","095"
26688,33102,"05","123"
11008,32412,"05","017"
33480,40626,"05","059"
20212,33870,"05","113"
20954,39638,"05","029"
392848,48850,"05","119"
78706,44074,"05","145"
13472,34851,"05","061"
97994,41672,"05","051"
43534,36417,"05","093"
71568,57290,"05","085"
21601,39696,"05","149"
127362,40932,"05","131"
62119,43504,"05","033"
26155,35758,"05","071"
9614,27901,"05","077"
15907,42894,"05","087"
24378,32136,"05","103"
7898,38134,"05","101"
8528,36995,"05","099"
15190,32219,"05","021"
12094,27036,"05","041"
27782,39686,"05","015"
18620,36092,"05","043"
23992,37072,"05","027"
17514,35930,"05","121"
63372,40668,"05","115"
8309,41244,"05","117"
43760,41862,"05","091"
5194,37225,"05","013"
22495,37144,"05","019"
10994,36310,"05","011"
12092,36051,"05","049"
724153,57813,"06","077"
37306,60636,"06","005"
267390,46338,"06","047"
64095,40446,"06","033"
17658,51385,"06","043"
9017,39296,"06","049"
74644,51776,"06","115"
1123678,88456,"06","013"
18195,51500,"06","027"
31470,54083,"06","035"
535684,54260,"06","099"
442996,68023,"06","083"
178919,47258,"06","089"
434981,72950,"06","095"
27442,41287,"06","015"
21479,56481,"06","011"
27935,46260,"06","021"
225207,46516,"06","007"
150183,49742,"06","031"
18724,50266,"06","063"
280119,67175,"06","079"
971616,48730,"06","019"
878744,50826,"06","029"
3155816,81851,"06","059"
847834,81972,"06","111"
45057,54800,"06","009"
95583,54347,"06","101"
763450,105667,"06","081"
53899,54325,"06","109"
500943,71769,"06","097"
63247,42512,"06","103"
179957,44779,"06","025"
14058,60595,"06","051"
58671,80760,"06","069"
1629615,85743,"06","001"
1495400,60239,"06","067"
185015,74885,"06","017"
141005,79637,"06","055"
433168,63249,"06","053"
864263,96265,"06","075"
2885,44190,"06","091"
3283665,70588,"06","073"
458809,44871,"06","107"
212605,61621,"06","113"
135490,43718,"06","023"
98838,60610,"06","057"
1203,63438,"06","003"
154440,48210,"06","039"
87497,46528,"06","045"
273263,73663,"06","087"
13037,36563,"06","105"
10105722,61015,"06","037"
2355002,60807,"06","065"
2121220,57156,"06","071"
1911226,106761,"06","085"
260814,104703,"06","041"
374985,80488,"06","061"
43530,40884,"06","093"
14151,40586,"08","071"
10109,44668,"08","125"
5520,44725,"08","073"
24359,67472,"08","107"
29722,73538,"08","117"
16345,36315,"08","003"
9257,68534,"08","019"
30217,42487,"08","029"
46601,44712,"08","043"
163368,42386,"08","101"
40908,44865,"08","085"
28123,51456,"08","087"
16900,61644,"08","093"
6338,34765,"08","109"
148798,51971,"08","077"
12084,41740,"08","099"
820,53056,"08","053"
674826,62535,"08","041"
4809,51458,"08","121"
14793,66489,"08","049"
626612,69553,"08","005"
18325,35051,"08","089"
64283,85639,"08","014"
4653,61333,"08","091"
6557,57991,"08","103"
2357,49583,"08","115"
285729,66489,"08","123"
8147,35657,"08","021"
4505,41330,"08","027"
3628,29000,"08","023"
487850,64087,"08","001"
320940,111154,"08","035"
53726,83803,"08","037"
7481,46176,"08","065"
54469,62533,"08","067"
13056,53010,"08","081"
17747,67755,"08","097"
11430,38534,"08","105"
2127,54907,"08","017"
5806,32500,"08","011"
5514,35292,"08","025"
1736,40352,"08","033"
569,46397,"08","111"
1372,45994,"08","057"
330976,64980,"08","069"
21885,44876,"08","075"
25770,45645,"08","083"
7804,62243,"08","113"
23769,66809,"08","119"
316782,75669,"08","013"
24553,92849,"08","039"
4327,50076,"08","095"
12592,48016,"08","007"
678467,60098,"08","031"
1368,39250,"08","061"
6498,35801,"08","055"
3581,35898,"08","009"
18818,53762,"08","015"
5793,72544,"08","047"
7846,45881,"08","063"
57945,66503,"08","045"
16215,52651,"08","051"
564029,75170,"08","059"
834,50385,"08","079"
862127,64872,"09","009"
184454,76438,"09","005"
897417,69936,"09","003"
116674,62553,"09","015"
270772,69411,"09","011"
164110,81673,"09","007"
151596,81312,"09","013"
947328,89773,"09","001"
672391,77649,"11","001"
555036,68336,"10","003"
215551,57901,"10","005"
173145,57647,"10","001"
17191,42934,"12","041"
100177,36374,"12","055"
43814,40600,"12","121"
259865,45478,"12","001"
35675,35435,"12","027"
14458,36237,"12","013"
173236,46511,"12","015"
68484,43504,"12","023"
16323,35910,"12","029"
155719,55588,"12","085"
72435,33619,"12","107"
404839,55236,"12","115"
15300,37460,"12","125"
24472,36989,"12","133"
912043,51296,"12","031"
26775,46106,"12","007"
568183,51536,"12","009"
203291,61971,"12","019"
8684,41512,"12","067"
326215,49734,"12","069"
78435,64294,"12","089"
949842,48968,"12","103"
652256,45988,"12","105"
298763,47132,"12","111"
13197,37385,"12","043"
39064,37966,"12","051"
147981,49009,"12","061"
48571,36944,"12","063"
1426772,57256,"12","099"
226578,73640,"12","109"
449260,60739,"12","117"
2702602,46338,"12","086"
363542,53408,"12","081"
141373,40574,"12","017"
39713,36554,"12","075"
27537,59506,"12","003"
166778,62731,"12","113"
518660,43838,"12","127"
285890,49941,"12","073"
1890416,54895,"12","011"
18518,31816,"12","079"
76745,63030,"12","087"
309924,47361,"12","033"
179144,44324,"12","053"
1351087,53742,"12","057"
197591,59955,"12","091"
22350,37188,"12","123"
31586,57866,"12","129"
180117,50283,"12","005"
105015,51049,"12","035"
11675,41267,"12","037"
16018,44647,"12","045"
14238,36209,"12","047"
8347,36741,"12","077"
325168,47343,"12","097"
116754,54771,"12","119"
63457,50619,"12","131"
46113,39830,"12","039"
19483,37474,"12","059"
14085,47599,"12","065"
700165,52052,"12","071"
343778,41964,"12","083"
27326,39063,"12","049"
356774,62407,"12","021"
40228,39059,"12","093"
1290216,51586,"12","095"
498136,48289,"12","101"
11279,38824,"13","005"
18411,36812,"13","025"
211300,96445,"13","117"
43878,44474,"13","137"
25535,41216,"13","147"
113941,39911,"13","185"
14061,43285,"13","191"
21152,36368,"13","199"
26795,50666,"13","207"
21430,48340,"13","237"
30687,34219,"13","261"
1844,30500,"13","265"
5410,32860,"13","301"
3251,43867,"13","007"
34883,68589,"13","029"
23556,39655,"13","035"
10894,33125,"13","043"
52252,53687,"13","039"
114898,46844,"13","045"
12385,41032,"13","079"
10405,29493,"13","099"
23005,33194,"13","081"
43048,36572,"13","069"
138015,67570,"13","077"
739072,72004,"13","067"
29614,46211,"13","123"
16282,43163,"13","083"
88695,55876,"13","297"
9905,34234,"13","317"
15629,34890,"13","027"
21063,35290,"13","091"
56424,43452,"13","129"
19288,35207,"13","105"
235896,75477,"13","057"
110306,84861,"13","113"
8929,27197,"13","165"
29216,65018,"13","177"
105042,52784,"13","217"
30343,61542,"13","227"
16732,45069,"13","133"
45890,34503,"13","071"
17190,35539,"13","075"
23397,62284,"13","085"
274150,44106,"13","063"
1010420,61336,"13","121"
192865,55622,"13","139"
8667,29268,"13","141"
31567,43039,"13","187"
21488,40469,"13","189"
5884,37255,"13","201"
18013,59572,"13","211"
11607,44897,"13","149"
35972,77388,"13","219"
91522,34541,"13","095"
24480,43344,"13","111"
217506,64752,"13","151"
150341,55965,"13","153"
47451,35202,"13","175"
17857,53083,"13","183"
64192,42398,"13","255"
25625,39756,"13","257"
16339,28044,"13","271"
22262,42767,"13","291"
26241,35375,"13","293"
20506,38097,"13","303"
27027,43645,"13","225"
152399,63669,"13","223"
19141,39863,"13","229"
17919,52377,"13","231"
201568,39430,"13","245"
14037,36556,"13","251"
25402,36355,"13","267"
19014,38297,"13","019"
28722,43663,"13","143"
63851,57999,"13","157"
15954,29640,"13","163"
28509,43944,"13","311"
28540,55110,"13","169"
7768,37711,"13","181"
39444,41617,"13","213"
198647,43239,"13","215"
11396,38750,"13","235"
16354,39297,"13","241"
5832,22413,"13","259"
11173,41182,"13","281"
6752,39375,"13","283"
8036,42622,"13","287"
9278,34677,"13","155"
8313,33063,"13","003"
18471,37089,"13","001"
68609,43581,"13","295"
889954,64496,"13","135"
75099,56119,"13","013"
12963,43257,"13","049"
6788,21838,"13","065"
102623,52393,"13","015"
140152,59333,"13","097"
25048,39462,"13","131"
14999,37267,"13","161"
8962,40308,"13","209"
14654,43938,"13","221"
7206,30640,"13","243"
88482,54175,"13","247"
35688,36962,"13","299"
29833,41534,"13","305"
7952,28490,"13","309"
103963,43871,"13","313"
6503,29617,"13","037"
13675,30851,"13","193"
69433,43597,"13","285"
8896,35457,"13","315"
45527,37008,"13","009"
18363,42182,"13","011"
73742,39305,"13","031"
123554,34557,"13","059"
3024,23315,"13","061"
4011,34315,"13","101"
83467,47546,"13","127"
736066,55876,"13","089"
153923,38183,"13","021"
33198,69539,"13","145"
8558,39015,"13","197"
5168,41267,"13","249"
20809,40369,"13","321"
12779,40688,"13","023"
14053,33389,"13","093"
10757,38736,"13","109"
22328,39246,"13","119"
2627,36658,"13","307"
57087,64279,"13","103"
18282,41157,"13","171"
3027,45273,"13","125"
22502,33089,"13","107"
2140,26750,"13","239"
285506,52215,"13","051"
13732,42067,"13","159"
9800,36423,"13","167"
10388,31109,"13","173"
62120,43493,"13","179"
28600,47653,"13","195"
22574,34122,"13","205"
8549,33999,"13","253"
40531,38728,"13","277"
8323,30629,"13","289"
41444,40652,"13","233"
6423,37226,"13","263"
8267,29875,"13","269"
8978,32219,"13","273"
44909,41336,"13","275"
27160,35750,"13","279"
9147,38711,"13","319"
17272,32344,"13","017"
22645,38707,"13","033"
65870,54537,"13","047"
11096,46096,"13","053"
24880,35718,"13","055"
143723,74162,"13","073"
27023,36934,"13","087"
96471,46096,"13","115"
196325,56395,"15","001"
990060,80078,"15","003"
164094,72762,"15","009"
71093,72330,"15","007"
86,61750,"15","005"
38241,33620,"16","065"
12490,39835,"16","079"
16275,40299,"16","049"
10776,55986,"16","081"
7667,47602,"16","077"
9996,37521,"16","087"
4284,43491,"16","071"
23472,48162,"16","031"
16850,42888,"16","045"
5296,46383,"16","063"
10104,54015,"16","085"
3946,42727,"16","003"
13120,51583,"16","041"
40014,51804,"16","069"
23039,46421,"16","053"
150128,53189,"16","055"
3824,40313,"16","061"
20448,48021,"16","067"
82248,49118,"16","083"
11384,36092,"16","073"
21583,58835,"16","013"
6968,49964,"16","015"
11323,39512,"16","021"
2613,43207,"16","023"
6862,58750,"16","029"
15110,42626,"16","047"
435117,60151,"16","001"
84113,47390,"16","005"
5942,50603,"16","007"
45369,51307,"16","011"
110404,54150,"16","019"
886,36667,"16","025"
207027,46426,"16","027"
8533,41122,"16","035"
27410,58055,"16","051"
38697,43310,"16","057"
7755,36031,"16","059"
22839,48447,"16","075"
9050,43472,"16","009"
41855,45607,"16","017"
1055,31927,"16","033"
4141,37976,"16","037"
26232,45154,"16","039"
12889,51806,"16","043"
34442,49353,"17","137"
266153,56536,"17","119"
50333,71598,"17","063"
110801,56542,"17","091"
15794,55649,"17","131"
931826,84442,"17","043"
198134,58687,"17","167"
6776,31014,"17","003"
33562,50668,"17","021"
111151,54693,"17","099"
5771,64741,"17","155"
16176,55411,"17","039"
21980,44541,"17","051"
5109,48542,"17","171"
134695,60874,"17","179"
12880,50156,"17","017"
4360,41139,"17","151"
146205,51426,"17","161"
264433,51103,"17","163"
12416,62368,"17","129"
32829,49717,"17","157"
529402,74862,"17","089"
79207,44930,"17","183"
34670,58319,"17","103"
29488,58271,"17","107"
17429,47278,"17","187"
21906,49807,"17","173"
45960,53890,"17","117"
15953,46454,"17","159"
11568,49716,"17","185"
207946,49586,"17","019"
24430,40722,"17","165"
66787,48454,"17","001"
37640,64543,"17","027"
122933,89860,"17","093"
16457,44504,"17","101"
6791,56289,"17","009"
38305,44679,"17","121"
104473,58343,"17","037"
6570,49632,"17","047"
9608,56523,"17","079"
36812,54339,"17","105"
14711,53979,"17","139"
21467,45864,"17","145"
52540,41907,"17","029"
19214,47468,"17","033"
22215,56320,"17","083"
14594,42168,"17","127"
14260,54520,"17","189"
11925,55173,"17","123"
13904,44695,"17","125"
28457,48857,"17","075"
14704,50555,"17","015"
704476,82613,"17","097"
5691,34655,"17","153"
7181,47321,"17","169"
8259,47293,"17","065"
6927,47428,"17","071"
31597,42911,"17","109"
5551,52284,"17","175"
17603,47873,"17","045"
17034,54393,"17","005"
12899,45743,"17","087"
51374,41972,"17","095"
308043,82230,"17","111"
173231,64573,"17","113"
53638,62701,"17","007"
13393,47427,"17","025"
5226,42450,"17","059"
59115,36008,"17","077"
687727,80782,"17","197"
33619,54271,"17","011"
67477,48600,"17","199"
33739,74410,"17","133"
186145,53063,"17","143"
15924,52068,"17","023"
19830,52261,"17","041"
34164,54655,"17","049"
15930,41387,"17","149"
4897,53641,"17","013"
10899,50680,"17","035"
13470,50851,"17","053"
29173,47807,"17","135"
56823,51969,"17","195"
22046,55532,"17","085"
38358,46109,"17","081"
45839,46427,"17","177"
16569,46405,"17","191"
17267,46716,"17","181"
287512,51110,"17","201"
35733,48599,"17","057"
13311,44502,"17","061"
14186,46279,"17","193"
38942,69507,"17","203"
16433,67360,"17","147"
5238541,59426,"17","031"
51619,57655,"17","141"
107587,49052,"17","115"
18264,51460,"17","067"
4161,39524,"17","069"
49649,55755,"17","073"
39302,39454,"17","055"
12214,40622,"18","009"
19994,56188,"18","015"
23722,49243,"18","143"
39450,53897,"18","061"
66972,41813,"18","177"
158170,74245,"18","063"
36520,50063,"18","069"
110839,49921,"18","091"
42379,57307,"18","037"
22835,55588,"18","047"
67615,42046,"18","053"
31848,49052,"18","169"
24279,51404,"18","181"
33448,56574,"18","073"
21107,42878,"18","075"
72776,70973,"18","059"
43779,49080,"18","071"
82457,47958,"18","067"
5911,58359,"18","115"
309687,90582,"18","057"
42524,51374,"18","033"
38720,58336,"18","087"
81024,57331,"18","005"
16765,47955,"18","139"
63013,75591,"18","011"
20296,47108,"18","049"
488694,52559,"18","089"
38288,53075,"18","107"
47421,52393,"18","113"
35018,48290,"18","001"
20900,45031,"18","153"
15290,53931,"18","159"
33481,57041,"18","183"
8685,49183,"18","007"
15007,59292,"18","013"
114893,52834,"18","019"
32455,51659,"18","023"
186081,50486,"18","157"
107723,42030,"18","167"
61581,66080,"18","173"
37543,55295,"18","133"
7225,45531,"18","161"
27807,46861,"18","175"
32777,48355,"18","027"
49564,62905,"18","029"
48649,46131,"18","065"
12471,50196,"18","125"
12761,47633,"18","131"
25599,60992,"18","129"
34459,52749,"18","151"
10219,49372,"18","101"
167391,65979,"18","127"
44339,57216,"18","145"
37763,44837,"18","083"
45669,49985,"18","093"
129641,45432,"18","095"
19229,49689,"18","123"
14056,52193,"18","111"
19623,42803,"18","117"
268613,48121,"18","141"
202924,52449,"18","039"
22966,45526,"18","149"
10598,40067,"18","025"
78720,57190,"18","085"
46752,51869,"18","099"
10617,43468,"18","155"
181831,44815,"18","163"
38248,45558,"18","017"
32431,49648,"18","055"
939964,44869,"18","097"
23426,41476,"18","041"
26375,50924,"18","021"
8269,58950,"18","171"
15644,45440,"18","165"
27832,53038,"18","179"
20957,48315,"18","119"
17062,44643,"18","121"
25203,44985,"18","135"
28372,53698,"18","137"
20610,55280,"18","147"
367747,51091,"18","003"
26480,52270,"18","031"
115938,41208,"18","035"
76481,59451,"18","043"
32293,50722,"18","077"
27840,48362,"18","079"
149359,65272,"18","081"
36035,46666,"18","103"
69533,60317,"18","109"
33596,51149,"18","051"
144436,45689,"18","105"
16620,46669,"18","045"
40476,52752,"19","127"
17711,51114,"19","043"
10663,53675,"19","131"
10239,43674,"19","137"
48630,71514,"19","181"
26381,57906,"19","015"
6985,54430,"19","071"
15201,55836,"19","079"
6972,45969,"19","151"
6214,46825,"19","173"
12497,47597,"19","175"
7308,47197,"19","177"
7502,50880,"19","195"
4986,50642,"19","159"
43134,50569,"19","033"
15904,48607,"19","067"
20139,48412,"19","065"
14196,57558,"19","085"
9046,52529,"19","073"
9321,51422,"19","089"
25027,61316,"19","149"
21101,59348,"19","019"
17239,52207,"19","083"
15166,54868,"19","109"
11238,54393,"19","115"
8600,47325,"19","117"
11745,62012,"19","119"
14933,67949,"19","129"
8865,41598,"19","133"
42923,56398,"19","139"
10545,50072,"19","189"
9110,50470,"19","147"
9267,49718,"19","039"
8834,52390,"19","051"
17000,59889,"19","059"
6965,51978,"19","093"
144425,59965,"19","103"
35321,43329,"19","179"
6149,53604,"19","143"
467235,63530,"19","153"
11772,55638,"19","165"
12547,40377,"19","007"
19865,52275,"19","087"
36945,42148,"19","187"
95888,52671,"19","169"
3785,49745,"19","003"
7192,49477,"19","001"
5711,48750,"19","009"
12140,50688,"19","037"
9661,47419,"19","063"
10664,56306,"19","077"
10971,57840,"19","081"
16387,48978,"19","041"
47587,50295,"19","045"
9586,48847,"19","091"
15720,60077,"19","121"
8105,41042,"19","053"
33127,57917,"19","125"
22095,59157,"19","183"
12864,48935,"19","197"
34692,66022,"19","167"
10326,48172,"19","069"
13327,45637,"19","029"
11577,53998,"19","035"
9814,46302,"19","025"
20428,54563,"19","027"
17131,51091,"19","047"
10223,48399,"19","107"
39876,47524,"19","057"
18368,62555,"19","031"
7912,50179,"19","135"
17236,56110,"19","171"
17326,60534,"19","055"
17945,44516,"19","101"
6405,42434,"19","185"
13940,47895,"19","005"
220008,62702,"19","113"
171493,57681,"19","163"
80864,82719,"19","049"
24741,65440,"19","017"
9936,53254,"19","161"
22301,50568,"19","123"
20369,52784,"19","021"
16231,58077,"19","095"
36789,56363,"19","099"
13944,56314,"19","141"
25646,64061,"19","011"
14822,53937,"19","023"
96571,59150,"19","061"
102397,51350,"19","193"
132960,50916,"19","013"
15393,46708,"19","145"
20575,60788,"19","191"
12354,65170,"19","075"
19409,51806,"19","097"
18428,51456,"19","157"
93287,56291,"19","155"
20468,58391,"19","105"
34785,48266,"19","111"
33463,43977,"20","125"
2561,43427,"20","065"
8203,55434,"20","027"
25599,53167,"20","059"
34683,55687,"20","079"
39099,38017,"20","037"
19162,49663,"20","041"
18856,58935,"20","087"
3684,42173,"20","141"
16466,46640,"20","005"
28877,49562,"20","051"
6227,41648,"20","073"
20553,45706,"20","099"
14757,39379,"20","011"
37097,51703,"20","055"
2621,48160,"20","075"
2524,48226,"20","097"
79359,70022,"20","103"
578797,81121,"20","091"
5605,50338,"20","127"
9670,53415,"20","151"
2520,50893,"20","153"
5148,48352,"20","163"
117806,54370,"20","045"
2497,56607,"20","179"
32976,63501,"20","121"
7840,40986,"20","003"
6004,61220,"20","069"
1591,60000,"20","199"
2665,42772,"20","017"
2632,50817,"20","063"
4081,53780,"20","081"
1702,51765,"20","101"
3119,43594,"20","165"
4981,62198,"20","171"
12087,50212,"20","115"
9602,46576,"20","107"
510484,52841,"20","173"
178392,54667,"20","177"
5999,52030,"20","181"
2107,42222,"20","187"
22948,47535,"20","175"
4705,43489,"20","157"
2089,46094,"20","025"
6331,48550,"20","053"
35796,46096,"20","061"
5746,48059,"20","077"
34658,49890,"20","057"
5741,57500,"20","189"
5572,47992,"20","201"
2157,55109,"20","203"
3425,39531,"20","019"
3693,45357,"20","183"
7716,57474,"20","067"
16209,44402,"20","133"
3121,48693,"20","105"
55334,49728,"20","169"
1875,55345,"20","083"
2963,43125,"20","089"
5957,51797,"20","143"
5446,46806,"20","147"
13322,53592,"20","085"
3931,51439,"20","093"
9736,46964,"20","013"
23336,52695,"20","191"
9868,48333,"20","159"
4251,47121,"20","185"
75696,48428,"20","161"
2899,55197,"20","195"
6987,48427,"20","167"
33302,42992,"20","111"
9859,50420,"20","117"
2931,43813,"20","129"
5527,50673,"20","137"
63360,47897,"20","155"
7576,57593,"20","095"
2790,49926,"20","109"
6776,46224,"20","145"
6918,58947,"20","197"
8858,44468,"20","205"
28792,56946,"20","113"
15894,54186,"20","139"
4905,52075,"20","007"
2891,41230,"20","039"
3178,36493,"20","207"
6230,44591,"20","123"
7847,52465,"20","193"
4295,54167,"20","119"
27067,46070,"20","009"
10095,53368,"20","131"
23188,64410,"20","149"
12752,43031,"20","001"
2677,47167,"20","023"
1741,51563,"20","033"
35732,46624,"20","035"
9191,44199,"20","029"
7790,50300,"20","043"
2946,50229,"20","047"
163227,42783,"20","209"
20501,41101,"20","021"
66260,62324,"20","015"
2581,39405,"20","049"
3001,48412,"20","135"
1210,47045,"20","071"
8328,58662,"20","031"
4890,38860,"21","039"
10695,43345,"21","041"
10208,31130,"21","053"
14382,30692,"21","065"
8652,50250,"21","077"
17226,47906,"21","079"
36012,47517,"21","089"
21378,47574,"21","167"
14530,49706,"21","191"
2161,30694,"21","201"
17731,34660,"21","207"
18012,68916,"21","215"
11999,47843,"21","229"
12189,38763,"21","011"
8152,42988,"21","007"
43418,39658,"21","009"
29773,43076,"21","021"
11044,37388,"21","087"
8700,49135,"21","091"
27548,24451,"21","095"
12175,29239,"21","159"
107699,51923,"21","093"
24413,37930,"21","137"
9361,44242,"21","149"
10645,35665,"21","171"
24062,41470,"21","183"
12349,34647,"21","197"
14915,42139,"21","225"
13180,39273,"21","233"
12747,46182,"21","033"
38616,39269,"21","035"
15805,33031,"21","045"
72438,41849,"21","047"
27550,42172,"21","173"
99258,48371,"21","059"
26129,35944,"21","085"
46252,43458,"21","101"
15677,50787,"21","103"
45985,44048,"21","107"
13369,32055,"21","109"
59901,37235,"21","125"
31177,49126,"21","157"
28452,53732,"21","163"
7061,38900,"21","181"
64633,92237,"21","185"
10686,44031,"21","187"
16815,35888,"21","203"
52322,65598,"21","209"
123824,49508,"21","227"
20628,40598,"21","003"
20017,47886,"21","017"
48486,45543,"21","019"
78622,59917,"21","029"
9154,41114,"21","055"
315109,53013,"21","067"
6259,28274,"21","075"
23064,35629,"21","115"
15690,30503,"21","119"
6381,39688,"21","165"
13281,33523,"21","175"
31153,40037,"21","177"
27329,31820,"21","193"
63974,35022,"21","199"
7251,21999,"21","237"
20866,24596,"21","051"
19304,36575,"21","001"
27469,23558,"21","013"
13276,25861,"21","025"
6744,35449,"21","057"
37259,40369,"21","083"
18531,37315,"21","099"
6717,23297,"21","129"
12735,39362,"21","031"
19335,40005,"21","155"
14286,47259,"21","221"
25817,60604,"21","239"
127682,72731,"21","015"
10648,27861,"21","131"
51667,55450,"21","113"
31424,26061,"21","121"
15844,32703,"21","127"
8697,50998,"21","223"
12063,41114,"21","061"
18630,44620,"21","097"
4625,38036,"21","105"
8330,40458,"21","023"
8268,50268,"21","143"
45131,55182,"21","179"
20692,33715,"21","231"
13565,32054,"21","135"
23011,30293,"21","133"
9288,43472,"21","139"
65285,42894,"21","145"
61586,32972,"21","195"
45831,63171,"21","211"
36027,34103,"21","235"
22017,51681,"21","005"
19991,44057,"21","027"
37447,31196,"21","071"
49969,53539,"21","073"
163987,58674,"21","117"
17748,19264,"21","147"
88376,46674,"21","151"
12783,29578,"21","153"
9990,35594,"21","169"
4497,22736,"21","189"
24392,36411,"21","205"
17881,44989,"21","213"
25406,36455,"21","217"
35757,51547,"21","049"
12377,38248,"21","219"
14515,41095,"21","069"
91804,57208,"21","037"
27385,35095,"21","043"
7533,29043,"21","063"
24800,43881,"21","081"
764378,52237,"21","111"
14102,41720,"21","123"
26847,40982,"21","141"
17167,43082,"21","161"
54468,51438,"23","009"
152284,47886,"23","019"
289173,65702,"23","005"
16960,38797,"23","021"
39700,53117,"23","013"
35149,60457,"23","023"
201454,62618,"23","031"
121289,50116,"23","011"
30177,45541,"23","007"
50994,41549,"23","025"
57230,44582,"23","017"
107317,49538,"23","001"
34021,54041,"23","015"
39280,50162,"23","027"
68840,39021,"23","003"
31822,40328,"23","029"
564600,94502,"24","003"
828637,71810,"24","005"
246105,88502,"24","021"
90824,100350,"24","009"
29516,48174,"24","023"
19666,56638,"24","029"
1039198,103178,"24","031"
167319,90510,"24","013"
49071,89241,"24","035"
110979,86508,"24","037"
156021,93973,"24","017"
32386,50532,"24","019"
149546,58260,"24","043"
102014,54493,"24","045"
102416,70516,"24","015"
32785,52469,"24","011"
51559,59458,"24","047"
619796,46641,"24","510"
25801,39239,"24","039"
37461,65595,"24","041"
250132,83445,"24","025"
72591,42771,"24","001"
312495,115576,"24","027"
905161,78607,"24","033"
119129,74748,"22","005"
238230,53950,"22","055"
15376,55647,"22","125"
437038,50868,"22","051"
36598,47350,"22","011"
13806,34077,"22","013"
125698,52145,"22","015"
6806,60194,"22","023"
19553,46964,"22","037"
33750,31745,"22","039"
73346,44504,"22","045"
47536,34424,"22","061"
45067,45265,"22","087"
10509,35254,"22","091"
40043,30891,"22","119"
25518,60902,"22","121"
27164,41443,"22","031"
33122,47128,"22","047"
8723,41510,"22","081"
16296,26877,"22","027"
59841,49266,"22","113"
14631,29472,"22","127"
446167,51436,"22","033"
24145,40695,"22","085"
25667,42176,"22","003"
43565,53628,"22","095"
23394,49635,"22","075"
156433,40081,"22","073"
132080,42655,"22","079"
46449,32962,"22","117"
83580,32163,"22","097"
128850,45901,"22","105"
62607,40492,"22","001"
52578,41345,"22","101"
11274,37304,"22","123"
249201,66539,"22","103"
22537,38916,"22","111"
137096,60456,"22","063"
26290,31672,"22","067"
39051,29001,"22","069"
388182,38721,"22","071"
113067,47650,"22","109"
10044,34470,"22","025"
198753,48219,"22","019"
20388,34722,"22","041"
41095,36763,"22","009"
22881,48656,"22","007"
15952,36394,"22","049"
22271,43964,"22","077"
20619,34745,"22","083"
53609,47279,"22","099"
51906,46620,"22","115"
14930,34712,"22","059"
52728,64707,"22","089"
98112,52705,"22","057"
20211,30028,"22","029"
4771,21906,"22","107"
11616,29424,"22","065"
31405,40744,"22","053"
21485,52055,"22","093"
22305,40577,"22","043"
10000,31933,"22","021"
251069,40391,"22","017"
7318,20795,"22","035"
70926,57307,"25","011"
10912,91942,"25","019"
780685,61242,"25","025"
213900,68048,"25","001"
17275,67535,"25","007"
1582857,92878,"25","017"
127751,55190,"25","003"
694389,95668,"25","021"
818249,69313,"25","027"
161197,64974,"25","015"
557016,62514,"25","005"
469188,52205,"25","013"
509114,82081,"25","023"
775860,73533,"25","009"
259830,51945,"26","077"
88205,56186,"26","087"
193803,45034,"26","145"
43181,43470,"26","107"
30597,35913,"26","035"
41535,44417,"26","151"
51397,50699,"26","027"
11291,36773,"26","071"
68617,50967,"26","155"
6072,36073,"26","131"
154948,47132,"26","021"
23221,41099,"26","133"
8580,42757,"26","013"
105350,45983,"26","017"
2136,41118,"26","083"
70572,42771,"26","073"
17462,53185,"26","019"
23934,37834,"26","143"
8114,37428,"26","153"
26160,51567,"26","029"
108586,59244,"26","045"
280243,63962,"26","139"
53569,45495,"26","157"
1763822,43702,"26","163"
10413,39424,"26","001"
23133,50988,"26","009"
20979,38149,"26","129"
8304,36833,"26","135"
149619,59479,"26","115"
45909,46160,"26","059"
32915,42793,"26","165"
36333,41379,"26","061"
186946,78430,"26","093"
13821,42666,"26","039"
77321,64903,"26","037"
25694,45681,"26","043"
25317,41414,"26","069"
11669,32309,"26","085"
24432,44882,"26","101"
41319,42256,"26","057"
31750,45191,"26","063"
114145,58487,"26","005"
98585,51339,"26","091"
28800,45524,"26","105"
67145,48491,"26","103"
1241860,73369,"26","125"
14982,42370,"26","113"
60890,47856,"26","149"
24247,50823,"26","137"
134327,46213,"26","025"
9254,42647,"26","003"
172707,46077,"26","121"
159761,53641,"26","147"
25475,42876,"26","031"
6406,41221,"26","095"
636376,57302,"26","081"
26317,44382,"26","127"
36395,44639,"26","041"
15577,36689,"26","053"
28730,40954,"26","007"
43543,48192,"26","023"
91222,58229,"26","055"
32978,51475,"26","047"
64147,51980,"26","067"
9290,39152,"26","119"
12854,43758,"26","141"
25324,40871,"26","051"
38023,44030,"26","033"
286185,49109,"26","065"
23389,44480,"26","109"
62956,44651,"26","117"
47899,45645,"26","123"
21564,62646,"26","089"
75190,49119,"26","159"
361509,65618,"26","161"
864019,58175,"26","099"
15238,39947,"26","011"
59607,57312,"26","015"
17358,43431,"26","079"
83489,57117,"26","111"
158989,49715,"26","075"
10836,42559,"26","097"
410881,45231,"26","049"
27496,28330,"28","163"
18731,33815,"28","007"
8306,40605,"28","009"
7772,42388,"28","037"
24296,28728,"28","027"
16547,35271,"28","061"
68328,38656,"28","067"
14670,31077,"28","147"
35967,39444,"28","095"
31075,41865,"28","115"
26915,28556,"28","133"
9868,35634,"28","155"
37242,38919,"28","003"
31583,30359,"28","001"
19990,34118,"28","025"
173267,62595,"28","033"
19172,36471,"28","031"
10942,30808,"28","103"
29437,36755,"28","099"
149645,61605,"28","121"
28333,46233,"28","137"
23545,47640,"28","039"
21379,34876,"28","043"
243249,41011,"28","049"
7463,21779,"28","063"
21437,37643,"28","101"
28202,40076,"28","145"
25389,32854,"28","117"
4631,30033,"28","125"
21993,39351,"28","139"
8360,34542,"28","019"
75835,39555,"28","035"
46277,47518,"28","045"
23439,38358,"28","057"
52744,45019,"28","071"
1296,25609,"28","055"
141314,50274,"28","059"
59558,43198,"28","087"
30113,25210,"28","083"
10276,32052,"28","143"
9084,23340,"28","157"
9106,24601,"28","021"
200491,44684,"28","047"
11639,26736,"28","065"
78221,41340,"28","075"
34542,37308,"28","085"
28399,33601,"28","123"
27215,37591,"28","127"
18482,33313,"28","159"
8678,26188,"28","053"
18267,20330,"28","051"
12574,30129,"28","005"
102212,68600,"28","089"
14617,33370,"28","013"
25466,30998,"28","091"
19476,36672,"28","141"
20458,35215,"28","153"
13801,48029,"28","041"
35981,41134,"28","093"
7537,25671,"28","119"
33121,28468,"28","011"
60517,56129,"28","073"
84840,45985,"28","081"
39763,30949,"28","113"
14552,30000,"28","135"
16114,37697,"28","129"
17981,46283,"28","131"
47510,41635,"28","149"
16089,37626,"28","023"
10082,27016,"28","069"
10309,34983,"28","097"
49392,37348,"28","105"
55049,44734,"28","109"
22936,35578,"28","079"
48002,29387,"28","151"
12659,40432,"28","077"
34229,35891,"28","107"
12047,35374,"28","111"
12426,37647,"28","161"
17305,33579,"28","017"
10221,43068,"28","015"
28748,38046,"28","029"
10578,56078,"27","075"
50992,53975,"27","169"
20825,57093,"27","045"
38584,67565,"27","059"
10104,55122,"27","063"
39386,53700,"27","099"
25635,53737,"27","095"
14798,56721,"27","129"
11437,50524,"27","033"
18709,56837,"27","055"
250979,89598,"27","163"
141463,93151,"27","139"
344861,76796,"27","003"
27810,65500,"27","079"
155300,59564,"27","145"
5500,42439,"27","087"
54297,76747,"27","025"
20485,71078,"27","039"
6840,50195,"27","073"
21490,61973,"27","157"
3841,46943,"27","077"
57790,55181,"27","111"
9229,48909,"27","117"
63505,53121,"27","035"
414655,79995,"27","037"
15430,51871,"27","127"
5724,51102,"27","081"
9930,54645,"27","173"
9397,57289,"27","089"
45847,45923,"27","007"
31564,55393,"27","119"
9433,56753,"27","133"
29057,47285,"27","115"
14888,60848,"27","143"
13626,45018,"27","159"
5270,51903,"27","031"
15948,50509,"27","065"
12776,47131,"27","071"
30619,51174,"27","047"
1224763,71154,"27","053"
36612,58882,"27","147"
6398,52917,"27","167"
25243,55764,"27","015"
12040,57601,"27","023"
10932,58198,"27","121"
537893,60301,"27","123"
4017,52500,"27","125"
62040,61409,"27","027"
8824,45638,"27","029"
42577,56604,"27","067"
20084,53627,"27","091"
21854,53267,"27","105"
15537,56273,"27","135"
151685,72337,"27","109"
3357,48889,"27","155"
10936,50044,"27","165"
39360,53574,"27","009"
98799,93095,"27","019"
23105,59611,"27","093"
45237,52050,"27","061"
28810,50162,"27","021"
9759,57552,"27","149"
9448,49556,"27","151"
15841,45860,"27","001"
46138,62431,"27","049"
13966,50847,"27","043"
6589,53034,"27","107"
18898,55189,"27","161"
131130,77953,"27","171"
200294,50936,"27","137"
65767,53752,"27","013"
33477,62593,"27","103"
36891,58667,"27","041"
5923,53727,"27","051"
4384,52304,"27","069"
92024,83895,"27","141"
35408,58874,"27","017"
25789,54181,"27","083"
24423,49213,"27","153"
32880,52855,"27","097"
33552,55884,"27","005"
14197,53893,"27","113"
65251,63311,"27","131"
5039,48299,"27","011"
35816,59869,"27","085"
20743,52941,"27","057"
8394,54211,"27","101"
40139,34984,"29","091"
53941,50689,"29","101"
35488,42646,"29","105"
688554,50652,"29","095"
38131,41673,"29","109"
4499,43981,"29","087"
24947,41461,"29","131"
53132,51137,"29","169"
32655,52557,"29","107"
9396,35066,"29","185"
4846,37028,"29","171"
54308,39661,"29","213"
25714,35571,"29","215"
25437,38750,"29","001"
4450,38848,"29","197"
4883,42939,"29","199"
6382,42034,"29","211"
89425,48652,"29","021"
9046,44975,"29","025"
44793,53180,"29","027"
3976,39674,"29","103"
28703,44098,"29","127"
11618,43094,"29","139"
44855,50496,"29","029"
6807,45216,"29","045"
118522,45328,"29","097"
101888,65352,"29","037"
20495,57591,"29","049"
222639,60765,"29","099"
10078,47148,"29","111"
22753,41207,"29","119"
17620,46547,"29","053"
16441,41441,"29","059"
6688,43777,"29","075"
9352,34746,"29","085"
15904,50897,"29","135"
18030,33846,"29","143"
19135,54935,"29","157"
31347,44805,"29","167"
8300,45707,"29","061"
13610,54503,"29","151"
13807,33849,"29","181"
29634,40076,"29","207"
33554,56193,"29","219"
24968,37810,"29","221"
3669,43314,"29","129"
12226,37484,"29","123"
18304,31290,"29","229"
236068,65675,"29","047"
8959,41715,"29","125"
44873,41681,"29","161"
96899,74199,"29","165"
20665,41479,"29","217"
15566,38829,"29","065"
23010,41567,"29","195"
22744,41370,"29","147"
2053,48214,"29","227"
7586,43186,"29","041"
10111,41092,"29","079"
20097,34776,"29","141"
13369,35135,"29","223"
12347,40791,"29","017"
78013,49554,"29","031"
6084,42593,"29","205"
37558,45185,"29","225"
5335,45259,"29","005"
16405,45605,"29","013"
66248,42873,"29","187"
314867,38664,"29","510"
17358,56658,"29","003"
42826,37878,"29","023"
8909,43583,"29","033"
10779,32070,"29","149"
17344,32468,"29","155"
42309,43097,"29","159"
17882,50959,"29","186"
8273,31202,"29","203"
24987,44754,"29","175"
54800,58603,"29","113"
13916,32212,"29","133"
8676,42011,"29","137"
10208,50161,"29","173"
22859,57270,"29","177"
6361,40265,"29","179"
18918,35097,"29","015"
6255,37875,"29","035"
7581,38880,"29","057"
12248,41652,"29","115"
13391,33003,"29","067"
30905,32348,"29","069"
25763,44056,"29","007"
83028,55761,"29","043"
12564,46517,"29","063"
102413,53849,"29","071"
21834,41089,"29","083"
10144,50356,"29","089"
286759,43175,"29","077"
8615,42889,"29","081"
58237,46723,"29","145"
9328,32021,"29","153"
18517,45112,"29","163"
999539,62931,"29","189"
38858,41628,"29","201"
385115,78380,"29","183"
31529,43292,"29","209"
35398,40638,"29","009"
11942,41184,"29","011"
174589,52005,"29","019"
13862,35930,"29","039"
76749,54216,"29","051"
24387,37171,"29","055"
14769,50687,"29","073"
10286,36457,"29","093"
15025,45929,"29","117"
15319,38903,"29","121"
13677,29201,"30","035"
2925,56806,"30","025"
1788,53591,"30","019"
747,43854,"30","037"
1965,43281,"30","045"
34514,40480,"30","093"
9342,61998,"30","095"
9131,41235,"30","023"
11625,64911,"30","043"
3206,49063,"30","039"
1728,46193,"30","055"
2108,37222,"30","107"
7902,47900,"30","057"
9292,54709,"30","087"
3568,51940,"30","091"
1320,45347,"30","011"
9324,59622,"30","021"
13290,47276,"30","003"
5755,55295,"30","007"
29518,42582,"30","047"
66290,60789,"30","049"
6081,44597,"30","073"
156332,57955,"30","111"
114231,49412,"30","063"
41387,44733,"30","081"
7561,55267,"30","105"
81816,46827,"30","013"
11327,47110,"30","027"
1086,47188,"30","033"
4194,40117,"30","061"
453,46429,"30","069"
6852,44352,"30","077"
11414,36445,"30","089"
1121,47132,"30","109"
100733,59397,"30","031"
2000,41343,"30","059"
10466,56988,"30","009"
9360,43880,"30","001"
96147,51410,"30","029"
4766,38156,"30","065"
4139,42101,"30","071"
11895,53050,"30","017"
16468,45269,"30","041"
5812,39577,"30","015"
1610,51136,"30","075"
19249,36934,"30","053"
16001,44920,"30","067"
11218,39219,"30","085"
790,42454,"30","103"
6646,35506,"30","005"
2245,46641,"30","051"
3646,49761,"30","097"
11405,66572,"30","083"
6040,51060,"30","099"
1325,50850,"30","079"
5031,46735,"30","101"
7276,46576,"31","095"
48834,55053,"31","019"
10616,54876,"31","037"
31564,51721,"31","001"
6547,53207,"31","099"
8129,45078,"31","101"
537,58625,"31","115"
1901,53438,"31","049"
2860,41582,"31","087"
919,50278,"31","113"
32875,58679,"31","141"
5241,41209,"31","161"
306357,55747,"31","109"
682,45833,"31","075"
2436,47218,"31","077"
61233,53807,"31","079"
957,44946,"31","085"
15875,54605,"31","131"
10870,42882,"31","145"
1913,48125,"31","069"
684,41607,"31","091"
35062,49865,"31","119"
2904,58125,"31","135"
9163,56408,"31","137"
5357,53854,"31","011"
4318,42055,"31","129"
1381,52361,"31","149"
20953,65015,"31","155"
36509,47975,"31","157"
728,55000,"31","007"
2624,52090,"31","063"
9409,58093,"31","179"
720,48864,"31","103"
4903,44201,"31","123"
7041,55536,"31","127"
8561,57208,"31","027"
8972,46146,"31","045"
17045,63095,"31","159"
643,53173,"31","171"
20529,52401,"31","043"
3597,43831,"31","181"
6406,46949,"31","003"
5200,49564,"31","097"
10012,58770,"31","033"
23925,51238,"31","047"
3803,54568,"31","029"
8105,52448,"31","023"
1958,46509,"31","071"
3048,48704,"31","163"
3688,43017,"31","105"
8496,48072,"31","107"
549706,58640,"31","055"
8045,46839,"31","147"
432,60714,"31","117"
3569,45428,"31","125"
2704,42176,"31","133"
6264,54167,"31","035"
421,41250,"31","005"
10836,48836,"31","041"
6020,57534,"31","167"
4252,50270,"31","175"
3019,49453,"31","061"
5244,63667,"31","143"
6385,53648,"31","093"
35569,55875,"31","111"
10293,52050,"31","089"
846,49706,"31","183"
3469,46750,"31","083"
13832,59966,"31","185"
502,52000,"31","009"
21632,52223,"31","067"
9149,61944,"31","081"
7829,53536,"31","121"
7175,55417,"31","139"
4814,43400,"31","065"
2019,61769,"31","073"
14325,50932,"31","151"
1256,45375,"31","165"
6546,50174,"31","021"
25513,68284,"31","025"
175188,75752,"31","153"
9039,50734,"31","039"
5133,48151,"31","169"
11200,56328,"31","013"
3058,42773,"31","017"
5765,57036,"31","051"
2017,44653,"31","057"
7055,44701,"31","173"
20414,66485,"31","177"
2049,48750,"31","015"
5792,53226,"31","031"
36576,51748,"31","053"
5603,56750,"31","059"
76109,60148,"33","005"
147958,69856,"33","013"
89280,61036,"33","009"
302479,85619,"33","015"
60383,65834,"33","001"
43073,59419,"33","019"
406371,75777,"33","011"
126552,67805,"33","017"
32119,45386,"33","007"
47524,58139,"33","003"
24022,46914,"32","001"
47632,61176,"32","005"
5887,79865,"32","015"
6661,52308,"32","027"
1102,39405,"32","009"
1728,67159,"32","011"
17088,69324,"32","013"
4471,39375,"32","021"
9858,60358,"32","033"
52377,76178,"32","007"
5203,52971,"32","017"
43296,44225,"32","023"
3891,63607,"32","029"
445551,58595,"32","031"
2112436,54882,"32","003"
54219,49341,"32","510"
52303,50920,"32","019"
373362,77027,"34","021"
143570,89238,"34","037"
154952,50000,"34","011"
800401,57365,"34","013"
589699,65771,"34","029"
272926,57514,"34","001"
291372,81489,"34","015"
837288,83133,"34","023"
63776,63934,"34","033"
510996,65037,"34","007"
510563,63339,"34","031"
94549,62332,"34","009"
937920,91572,"34","003"
557320,73376,"34","039"
107088,75500,"34","041"
498847,107034,"34","027"
679756,62681,"34","017"
125717,110969,"34","019"
449192,82839,"34","005"
627551,91807,"34","025"
333316,106046,"34","035"
128221,49686,"35","045"
8447,26663,"35","037"
19497,42145,"35","027"
65454,42177,"35","005"
27049,36089,"35","006"
69505,59285,"35","025"
147514,57945,"35","049"
4216,38240,"35","059"
11254,29690,"35","051"
17098,34008,"35","053"
19313,35928,"35","041"
18031,110190,"35","028"
39455,33422,"35","039"
28203,29168,"35","047"
75845,43428,"35","061"
15534,35543,"35","057"
674855,50386,"35","001"
2016,31439,"35","011"
4426,26060,"35","019"
3547,42047,"35","003"
4446,31829,"35","023"
24319,27602,"35","029"
72849,30336,"35","031"
138815,60345,"35","043"
32809,35314,"35","055"
28382,40470,"35","017"
65130,43533,"35","035"
50283,41941,"35","009"
12522,33042,"35","007"
56793,60703,"35","015"
546,35096,"35","021"
4605,26644,"35","033"
213849,39114,"35","013"
308580,62293,"36","001"
130846,44304,"36","013"
2635121,52782,"36","047"
1653877,79781,"36","061"
49322,57153,"36","107"
47400,45359,"36","003"
47791,53214,"36","039"
4646,55587,"36","041"
62183,52527,"36","115"
196124,49064,"36","007"
78319,54664,"36","011"
78175,45571,"36","009"
49500,47449,"36","057"
1363069,105744,"36","059"
475948,76244,"36","085"
110817,48330,"36","089"
91442,53693,"36","117"
41584,49223,"36","073"
58537,54033,"36","037"
25083,51758,"36","123"
378174,75146,"36","071"
226632,77548,"36","091"
325027,88571,"36","087"
61481,61093,"36","021"
923995,54006,"36","029"
18112,47810,"36","097"
104415,56200,"36","109"
64701,60222,"36","113"
48763,48567,"36","017"
48334,52451,"36","023"
295685,75585,"36","027"
748680,55272,"36","055"
232324,51316,"36","065"
26845,51475,"36","049"
212675,51656,"36","063"
71760,58365,"36","053"
155239,61315,"36","093"
75783,53877,"36","105"
975321,89968,"36","119"
45950,47921,"36","025"
38233,55294,"36","031"
116567,50322,"36","045"
31611,51842,"36","095"
1455846,36593,"36","005"
467669,57271,"36","067"
53955,48033,"36","035"
81224,52759,"36","019"
34843,51601,"36","099"
1497595,92838,"36","103"
180129,61652,"36","111"
159800,63166,"36","083"
99464,99608,"36","079"
62943,49077,"36","043"
51054,50733,"36","033"
40886,55459,"36","121"
86883,51251,"36","015"
109491,61710,"36","069"
64373,53654,"36","051"
119833,51755,"36","075"
2339280,62008,"36","081"
97539,50157,"36","101"
60750,51254,"36","077"
10336,68327,"37","029"
10753,37070,"37","043"
332766,44737,"37","051"
214049,46626,"37","071"
35445,32739,"37","165"
252268,48464,"37","021"
164118,45806,"37","057"
20434,48412,"37","149"
142827,43598,"37","151"
91566,41700,"37","157"
46124,44490,"37","169"
12331,34557,"37","187"
53421,41541,"37","189"
517197,49253,"37","081"
41725,45078,"37","099"
94191,54468,"37","125"
52300,33573,"37","083"
157844,44281,"37","001"
39546,47264,"37","139"
134187,32407,"37","155"
4090,32411,"37","177"
88898,40854,"37","023"
59350,36679,"37","061"
300865,56393,"37","063"
24262,35806,"37","091"
59805,49272,"37","105"
219866,51457,"37","129"
57630,49357,"37","141"
124496,41766,"37","191"
21059,36989,"37","079"
59854,45538,"37","087"
15155,42534,"37","121"
1023811,73577,"37","183"
14370,41979,"37","041"
10935,38944,"37","005"
81805,40735,"37","027"
156182,48649,"37","035"
56589,36261,"37","047"
57934,37515,"37","107"
80504,50782,"37","109"
27445,38254,"37","123"
44420,35246,"37","181"
27463,38115,"37","039"
25247,65758,"37","053"
222095,70858,"37","179"
192685,48162,"37","133"
141812,65522,"37","135"
45447,33607,"37","153"
66523,38573,"37","161"
68525,37173,"37","193"
368362,48369,"37","067"
63664,37765,"37","163"
60875,46017,"37","167"
14208,35271,"37","173"
17605,37610,"37","199"
25531,38123,"37","007"
68364,59684,"37","037"
97038,40002,"37","045"
103374,49391,"37","049"
72315,39071,"37","171"
94125,46187,"37","127"
37159,44523,"37","003"
34130,32396,"37","017"
54032,32929,"37","065"
45069,38776,"37","111"
63866,48344,"37","069"
186308,54610,"37","101"
58503,52089,"37","077"
128753,50323,"37","085"
52571,45713,"37","093"
112156,50454,"37","089"
9776,37256,"37","103"
34160,40659,"37","113"
39240,44921,"37","145"
122586,51164,"37","019"
5507,40532,"37","095"
169798,55957,"37","097"
1034290,61695,"37","119"
33291,44559,"37","175"
26833,40293,"37","009"
35412,55640,"37","055"
68699,51584,"37","031"
47316,41101,"37","013"
20426,33508,"37","131"
176484,43526,"37","147"
138940,46978,"37","159"
37825,41126,"37","197"
17535,37109,"37","011"
196716,60716,"37","025"
22833,39428,"37","033"
41766,53493,"37","059"
20190,35443,"37","185"
81379,42095,"37","195"
19913,31287,"37","015"
11601,52481,"37","073"
8607,36030,"37","075"
23227,35969,"37","117"
21347,40563,"37","115"
12803,45211,"37","137"
13506,44039,"37","143"
2368,54700,"38","001"
6651,58767,"38","009"
3883,60824,"38","081"
6875,44500,"38","005"
4272,45996,"38","069"
4089,54464,"38","103"
2543,66023,"38","075"
30059,65385,"38","059"
170620,58026,"38","017"
32916,89874,"38","105"
4349,68594,"38","025"
3389,46581,"38","029"
4420,40795,"38","085"
3226,65435,"38","011"
2680,46012,"38","051"
2971,52417,"38","063"
92372,67308,"38","015"
983,91518,"38","007"
5041,58357,"38","021"
16333,60551,"38","077"
1892,44018,"38","033"
1932,57379,"38","047"
2457,60225,"38","043"
11574,55927,"38","071"
2387,50875,"38","037"
5951,61788,"38","049"
10971,56237,"38","003"
2378,54223,"38","023"
7050,61393,"38","067"
3318,59500,"38","031"
2276,50272,"38","039"
11679,79316,"38","053"
1403,49750,"38","083"
674,61250,"38","087"
2601,56118,"38","041"
8637,80337,"38","057"
9607,63926,"38","055"
5411,62524,"38","073"
14657,36170,"38","079"
10920,50781,"38","099"
1822,71500,"38","065"
2258,54625,"38","095"
3817,65505,"38","019"
2321,55294,"38","027"
1915,65437,"38","091"
70130,51410,"38","035"
30316,77328,"38","089"
2253,71667,"38","013"
9986,69622,"38","061"
4106,57463,"38","045"
8050,60952,"38","097"
21058,56088,"38","093"
69628,64159,"38","101"
121533,44138,"39","139"
14498,42171,"39","121"
93895,77104,"39","055"
30203,42002,"39","053"
41328,52661,"39","135"
55549,49153,"39","147"
13142,41541,"39","163"
27825,51748,"39","019"
58497,49710,"39","077"
1257401,46720,"39","035"
23234,42105,"39","105"
54688,78848,"39","159"
35983,46477,"39","127"
57075,60314,"39","129"
85933,43325,"39","119"
28262,50974,"39","161"
14773,40276,"39","115"
92531,49460,"39","157"
37061,47593,"39","171"
45778,59516,"39","011"
104584,45498,"39","029"
129504,58033,"39","173"
53299,50893,"39","005"
115915,54037,"39","169"
22190,49767,"39","175"
43799,49188,"39","015"
51919,50064,"39","037"
40769,56193,"39","123"
98622,43017,"39","007"
375702,62188,"39","017"
75369,51033,"39","043"
15397,46223,"39","067"
374273,50117,"39","151"
104157,47905,"39","003"
75508,52831,"39","063"
202166,64183,"39","025"
27463,58070,"39","069"
67349,43161,"39","081"
162080,53816,"39","133"
39414,42744,"39","059"
28547,48073,"39","073"
231857,43251,"39","099"
65563,37191,"39","009"
39005,54495,"39","021"
104081,54568,"39","109"
14239,43299,"39","111"
1253507,56319,"39","049"
59559,50370,"39","143"
42296,57774,"39","051"
31576,46404,"39","065"
32624,43397,"39","079"
60945,51211,"39","083"
433404,44820,"39","095"
34935,52767,"39","117"
170678,59747,"39","089"
60871,46021,"39","167"
36602,43251,"39","031"
42231,41726,"39","033"
151526,63424,"39","045"
38311,55295,"39","039"
43031,42333,"39","071"
193024,100229,"39","041"
34037,61161,"39","137"
229701,61137,"39","085"
40723,57052,"39","107"
27926,36320,"39","001"
76871,38978,"39","145"
176362,71595,"39","103"
68889,46484,"39","013"
41869,49997,"39","027"
28659,44289,"39","047"
77125,45792,"39","141"
135520,46275,"39","023"
28291,43562,"39","131"
18951,49866,"39","125"
45323,53051,"39","091"
43732,62897,"39","097"
541318,53291,"39","153"
43808,58728,"39","075"
305405,54987,"39","093"
164825,65032,"39","057"
48902,57673,"39","149"
531987,47045,"39","113"
203341,45380,"39","155"
61057,45466,"39","087"
65483,44708,"39","101"
223868,79397,"39","165"
808703,52389,"39","061"
22136,33366,"40","001"
25246,37741,"40","133"
44293,44805,"40","137"
2221,44667,"40","025"
9680,46362,"40","011"
48407,47754,"40","019"
5666,39931,"40","029"
4458,54460,"40","053"
6018,35898,"40","055"
15510,62829,"40","073"
37919,62081,"40","087"
19874,38163,"40","091"
16226,45671,"40","095"
13797,51844,"40","099"
11421,52372,"40","103"
10448,41282,"40","105"
31725,38472,"40","115"
90098,61320,"40","131"
41364,37455,"40","135"
76830,59210,"40","145"
5877,57432,"40","003"
9132,57097,"40","151"
29437,41626,"40","015"
274024,60632,"40","027"
69471,41329,"40","101"
12160,38346,"40","107"
13899,37106,"40","005"
45068,41197,"40","013"
4904,52930,"40","043"
3843,46915,"40","059"
45173,44067,"40","071"
45326,59133,"40","083"
14563,40465,"40","035"
637123,52017,"40","143"
51867,50388,"40","147"
132922,69220,"40","017"
2758,38264,"40","057"
12746,38017,"40","061"
10621,40539,"40","077"
39121,39567,"40","111"
47350,47683,"40","113"
21409,49469,"40","139"
6270,35933,"40","067"
11132,35414,"40","127"
62421,50724,"40","047"
27751,42567,"40","049"
11039,38636,"40","069"
44673,44941,"40","121"
38289,46689,"40","123"
3734,51286,"40","129"
21140,57602,"40","153"
48404,39187,"40","021"
41878,38234,"40","041"
4102,50594,"40","045"
54351,55527,"40","051"
80634,39149,"40","119"
71614,46159,"40","125"
70899,47147,"40","037"
7591,40728,"40","141"
11550,51909,"40","149"
40929,45302,"40","097"
774203,50762,"40","109"
29169,48520,"40","039"
5445,52571,"40","007"
9843,49409,"40","085"
22971,49625,"40","009"
13519,38425,"40","063"
14979,30298,"40","023"
25574,45189,"40","065"
123066,49569,"40","031"
34759,47539,"40","081"
6000,49962,"40","033"
9127,38191,"40","075"
49860,39253,"40","079"
33026,34250,"40","089"
7730,52056,"40","093"
16448,46460,"40","117"
11153,54386,"41","049"
38021,49828,"41","007"
62921,40848,"41","011"
22377,42519,"41","015"
1910,39831,"41","021"
22938,57269,"41","027"
7807,32769,"41","037"
788459,60369,"41","051"
25810,46228,"41","061"
102366,58392,"41","071"
15980,43765,"41","001"
84514,40705,"41","033"
66018,42531,"41","035"
76736,50071,"41","059"
47307,43291,"41","041"
88249,54682,"41","003"
50207,57449,"41","009"
21717,41777,"41","013"
1635,42074,"41","055"
25687,48510,"41","065"
7195,39504,"41","025"
363471,47710,"41","039"
30421,37112,"41","045"
6864,44877,"41","063"
572071,74033,"41","067"
1415,33563,"41","069"
330453,53828,"41","047"
212070,48688,"41","029"
107576,44023,"41","019"
7209,44826,"41","023"
22707,48464,"41","031"
79666,56032,"41","053"
399962,72408,"41","005"
175321,59152,"41","017"
121074,49515,"41","043"
25840,45061,"41","057"
83204,75463,"44","005"
164012,69047,"44","003"
633704,52530,"44","007"
49028,74630,"44","001"
126190,77862,"44","009"
300941,65390,"42","095"
4754,40402,"42","023"
52880,46487,"42","121"
124736,45664,"42","013"
168161,53981,"42","007"
61546,50900,"42","015"
55687,63417,"42","103"
14631,50007,"42","057"
42070,45866,"42","083"
133160,41632,"42","051"
153003,58267,"42","055"
27760,55965,"42","131"
7388,37106,"42","053"
75619,46132,"42","111"
88231,47188,"42","073"
37338,50972,"42","059"
40570,54182,"42","109"
626486,82031,"42","017"
6192,45519,"42","113"
41550,50017,"42","117"
207661,59309,"42","125"
39321,47990,"42","035"
63987,51236,"42","025"
137616,57698,"42","075"
167306,61430,"42","089"
1569657,40649,"42","101"
442216,61707,"42","133"
115398,50634,"42","081"
245801,65544,"42","041"
135871,44943,"42","021"
41716,52014,"42","115"
93038,44534,"42","097"
318222,49290,"42","079"
356835,56702,"42","129"
1229605,56333,"42","003"
86847,47179,"42","039"
211960,48380,"42","069"
514652,92417,"42","029"
24448,50571,"42","067"
144287,47642,"42","107"
38747,44373,"42","031"
273329,57071,"42","043"
160646,56466,"42","027"
18302,56250,"42","093"
40345,45781,"42","123"
277794,48192,"42","049"
66615,48395,"42","037"
360774,60116,"42","077"
563384,69839,"42","045"
415500,59580,"42","011"
45056,53768,"42","119"
51656,52161,"42","127"
45686,46765,"42","061"
818677,84791,"42","091"
48891,48703,"42","009"
86551,46306,"42","063"
101589,62661,"42","001"
80539,45188,"42","033"
185984,66037,"42","019"
30781,49876,"42","047"
44258,45342,"42","065"
536494,61492,"42","071"
46452,46286,"42","087"
66737,47527,"42","005"
113623,47340,"42","085"
45878,60847,"42","099"
17070,41406,"42","105"
9694,40622,"45","065"
121449,45332,"45","077"
27772,37493,"45","087"
32256,30976,"45","089"
165707,47713,"45","003"
9402,23331,"45","005"
37914,39600,"45","071"
21788,34035,"45","011"
204632,56697,"45","015"
387847,57882,"45","019"
67572,36217,"45","031"
61065,46967,"45","043"
27505,33921,"45","069"
251664,59394,"45","091"
194174,45551,"45","007"
26620,47500,"45","037"
32424,37421,"45","023"
34156,35838,"45","027"
37581,34996,"45","029"
31765,31129,"45","067"
107379,41946,"45","085"
281870,57482,"45","063"
56549,35286,"45","021"
46127,38469,"45","025"
69981,39196,"45","047"
27465,39740,"45","053"
310186,46475,"45","051"
63734,46565,"45","055"
17897,31963,"45","061"
89116,34943,"45","075"
297732,47575,"45","083"
24788,35254,"45","001"
14842,32330,"45","009"
179316,60603,"45","013"
14808,44010,"45","017"
31073,30866,"45","033"
20228,41885,"45","081"
404869,52082,"45","079"
22868,35551,"45","039"
20066,32147,"45","049"
75926,43978,"45","073"
490332,53739,"45","045"
86544,50557,"45","057"
151716,58685,"45","035"
138537,43310,"45","041"
66508,40580,"45","059"
3275,38041,"46","071"
183660,57322,"46","099"
2739,57257,"46","003"
10194,44786,"46","019"
4177,32260,"46","031"
6972,52923,"46","009"
19753,48665,"46","035"
3971,65380,"46","045"
5280,50870,"46","015"
33697,53473,"46","011"
1443,51548,"46","021"
2034,49882,"46","073"
6783,48862,"46","047"
8519,56449,"46","033"
1373,53696,"46","069"
3642,47500,"46","025"
3440,45725,"46","007"
2084,38873,"46","055"
2994,63233,"46","117"
740,39432,"46","075"
4209,42679,"46","053"
4759,60948,"46","091"
1281,55972,"46","063"
17572,59741,"46","065"
2366,41674,"46","089"
2062,31165,"46","095"
10250,51228,"46","109"
108126,52245,"46","103"
5911,61784,"46","057"
2327,46750,"46","049"
27066,54286,"46","093"
7133,56276,"46","051"
5480,48409,"46","123"
2318,51597,"46","107"
8242,54294,"46","125"
7277,49583,"46","067"
38637,53807,"46","013"
5000,58794,"46","077"
6496,56233,"46","101"
2964,50450,"46","105"
12350,58467,"46","079"
25018,49275,"46","081"
10016,26285,"46","121"
14929,65434,"46","127"
2255,50658,"46","097"
22660,50029,"46","135"
27963,52025,"46","029"
9319,44104,"46","023"
5502,46623,"46","129"
2048,30500,"46","017"
13907,41773,"46","027"
5524,43902,"46","037"
3404,62448,"46","061"
5709,41190,"46","041"
2940,52543,"46","043"
5515,60808,"46","087"
2366,54677,"46","111"
1390,60694,"46","119"
53147,81849,"46","083"
3303,50720,"46","059"
3882,47113,"46","085"
2837,35000,"46","137"
18163,48995,"46","005"
4282,57969,"46","039"
6478,52000,"46","115"
14291,27804,"46","102"
25945,34353,"47","109"
7882,31503,"47","135"
52926,45407,"47","145"
103666,46381,"47","011"
11830,39786,"47","121"
63465,42042,"47","063"
17944,36118,"47","075"
8188,41820,"47","083"
87606,52080,"47","119"
19176,40132,"47","173"
25813,39092,"47","071"
192120,53737,"47","125"
51341,47398,"47","043"
21639,40707,"47","129"
13359,31919,"47","061"
45698,36931,"47","123"
32263,40415,"47","079"
35262,32027,"47","029"
14554,39692,"47","033"
19380,40690,"47","041"
7588,31993,"47","095"
452286,52458,"47","093"
11944,37092,"47","101"
52569,39990,"47","107"
31753,46837,"47","117"
30659,38063,"47","131"
32478,39368,"47","143"
21949,31875,"47","151"
61434,57212,"47","167"
75538,47206,"47","001"
37751,44386,"47","045"
17940,32616,"47","049"
49222,41315,"47","053"
354589,50273,"47","065"
25784,36686,"47","069"
51024,55431,"47","105"
16722,42307,"47","139"
298456,62149,"47","149"
19279,44275,"47","159"
26394,37654,"47","185"
128874,66123,"47","189"
156519,42251,"47","163"
17830,36576,"47","171"
13839,47457,"47","015"
54074,46614,"47","031"
39336,57919,"47","047"
40210,36765,"47","177"
126437,44180,"47","179"
33776,36550,"47","183"
16154,33702,"47","005"
14413,40450,"47","007"
39824,35377,"47","013"
6605,29619,"47","067"
56402,38728,"47","073"
17846,32994,"47","091"
33543,42153,"47","103"
23239,35533,"47","111"
6302,51671,"47","127"
68575,57424,"47","147"
41397,46882,"47","051"
127135,51172,"47","009"
39713,56150,"47","021"
56500,34625,"47","019"
22942,40088,"47","057"
29024,43925,"47","055"
26497,35551,"47","097"
42591,41522,"47","099"
97887,44496,"47","113"
28355,45366,"47","115"
21995,36052,"47","133"
5071,39313,"47","137"
175730,61584,"47","165"
16713,34299,"47","181"
8773,41776,"47","169"
212161,103543,"47","187"
46854,47117,"47","003"
7684,30801,"47","027"
68520,38266,"47","059"
58178,40994,"47","035"
937847,48415,"47","157"
5675,43631,"47","175"
31566,35428,"47","025"
27889,42711,"47","077"
24502,39333,"47","081"
18281,40998,"47","085"
52887,45641,"47","089"
75565,37802,"47","141"
14654,51312,"47","153"
95523,44473,"47","155"
13248,44090,"47","161"
28137,38201,"47","017"
17097,43740,"47","023"
11681,36427,"47","039"
678322,53419,"47","037"
11573,33933,"47","087"
39064,60027,"48","097"
5895,38674,"48","107"
13095,43201,"48","115"
3875,45294,"48","151"
11434,35443,"48","131"
17596,52510,"48","051"
11089,58500,"48","031"
35444,41960,"48","241"
254574,46315,"48","245"
3631,34926,"48","271"
2083,62426,"48","359"
18947,51543,"48","117"
321184,65702,"48","167"
21704,50035,"48","233"
34667,55793,"48","477"
4836,63935,"48","103"
20473,54467,"48","281"
8145,42367,"48","307"
4122,40949,"48","319"
834825,43244,"48","141"
7418,44601,"48","283"
889,79167,"48","393"
721,26063,"48","443"
21456,44396,"48","457"
27015,40781,"48","463"
5599,50910,"48","483"
93635,46283,"48","037"
8793,63192,"48","009"
9220,38906,"48","043"
680,52250,"48","263"
839539,37097,"48","215"
222277,50742,"48","423"
41016,47013,"48","143"
345995,76426,"48","039"
8650,52346,"48","425"
3836,52310,"48","105"
55993,56131,"48","199"
5806,43529,"48","207"
36491,50855,"48","227"
16966,44875,"48","289"
4887,46318,"48","333"
19406,46592,"48","337"
14187,40180,"48","351"
1114,40598,"48","345"
3433,44429,"48","129"
48139,55194,"48","013"
8422,40804,"48","083"
14990,42019,"48","353"
3702,26346,"48","229"
48548,59305,"48","325"
11498,63333,"48","475"
79687,44888,"48","213"
66606,48644,"48","203"
23574,49704,"48","365"
14791,49390,"48","389"
10429,33561,"48","403"
3067,54961,"48","421"
7541,37883,"48","437"
90322,49319,"48","231"
12670,41811,"48","063"
5532,40678,"48","195"
150889,66187,"48","187"
2123,37917,"48","327"
49401,42198,"48","277"
2224,43088,"48","125"
16850,55741,"48","287"
1983675,62532,"48","439"
57747,42313,"48","001"
24963,56941,"48","149"
508313,79123,"48","491"
4432,41095,"48","267"
46974,43267,"48","373"
7293,50338,"48","391"
10369,46863,"48","077"
5821,64427,"48","205"
35098,45970,"48","217"
23480,40356,"48","293"
65411,41482,"48","347"
9871,50410,"48","369"
125963,70608,"48","367"
7191,26486,"48","377"
53607,50061,"48","467"
40544,51346,"48","055"
12972,43913,"48","487"
5547,71115,"48","317"
3735,59760,"48","383"
12353,35356,"48","387"
48976,44609,"48","465"
2257,33125,"48","109"
155744,59528,"48","135"
6739,53832,"48","169"
1420,64886,"48","173"
27358,49745,"48","185"
1176584,68350,"48","453"
914075,90124,"48","085"
87700,46472,"48","005"
10266,41226,"48","399"
27436,43421,"48","407"
3894,60996,"48","435"
116906,49662,"48","451"
40506,48796,"48","459"
8481,62500,"48","501"
34527,46012,"48","189"
25689,38121,"48","419"
91518,55740,"48","469"
48443,53506,"48","473"
41430,50145,"48","481"
131778,45776,"48","485"
3026,46348,"48","087"
1498,33534,"48","101"
194843,62815,"48","209"
13368,43712,"48","279"
3495,59583,"48","295"
74,80938,"48","301"
36744,44896,"48","321"
15804,50543,"48","371"
16727,52189,"48","395"
90414,93269,"48","397"
53026,49270,"48","401"
47205,71942,"48","493"
602,77708,"48","033"
23273,49184,"48","219"
10140,36938,"48","315"
57471,37734,"48","323"
159883,75815,"48","329"
126146,52683,"48","181"
12043,51480,"48","297"
20195,50524,"48","299"
28109,45067,"48","363"
33787,47875,"48","147"
135371,49161,"48","441"
1541,37279,"48","447"
14481,37398,"48","455"
70818,41456,"48","471"
43315,48038,"48","499"
21316,56413,"48","019"
24832,44601,"48","007"
7064,40432,"48","075"
2932,37500,"48","079"
15051,53051,"48","255"
20474,50960,"48","123"
214231,43907,"48","041"
13660,40945,"48","059"
30118,41432,"48","067"
19889,58167,"48","165"
123402,47970,"48","183"
3238,42500,"48","081"
129100,73655,"48","091"
75818,50865,"48","099"
4152,68679,"48","211"
22849,33552,"48","225"
22016,52469,"48","341"
48239,45103,"48","349"
121230,41852,"48","375"
8403,32394,"48","405"
17346,54565,"48","415"
22962,48314,"48","179"
13979,44004,"48","313"
298042,49078,"48","303"
8839,52829,"48","237"
114852,63926,"48","257"
40306,81023,"48","259"
17955,48677,"48","035"
5953,48767,"48","153"
1892004,53999,"48","029"
3348,46685,"48","417"
63420,27133,"48","427"
1084,46786,"48","433"
3575,52750,"48","461"
80306,59185,"48","021"
37787,43062,"48","049"
3102,31324,"48","191"
32729,45415,"48","025"
10639,43967,"48","159"
19110,37382,"48","163"
7098,43523,"48","017"
39283,74368,"48","071"
3602,36157,"48","023"
336506,52583,"48","027"
420201,36095,"48","061"
781321,80290,"48","121"
2552213,53626,"48","113"
20558,47516,"48","177"
50761,48698,"48","265"
5785,44922,"48","305"
600,71389,"48","311"
18166,46351,"48","503"
14415,34550,"48","505"
160173,60458,"48","251"
55418,60275,"48","221"
35929,47832,"48","223"
10484,50120,"48","357"
289,56964,"48","269"
20913,50241,"48","089"
66867,53332,"48","409"
11246,48308,"48","379"
130552,65564,"48","381"
3358,36493,"48","385"
5851,40301,"48","411"
3122,63432,"48","413"
1139,50000,"48","431"
12152,25988,"48","507"
21821,58788,"48","057"
6033,67010,"48","065"
3753,46319,"48","275"
245720,46262,"48","309"
51594,44294,"48","073"
3858,46696,"48","095"
5172,42642,"48","119"
2111,48462,"48","137"
18278,32135,"48","133"
19969,48601,"48","253"
1414,50000,"48","155"
19646,45890,"48","161"
7510,56737,"48","175"
8220,46611,"48","193"
8774,52194,"48","335"
32664,46980,"48","449"
1591,42500,"48","045"
19859,51708,"48","285"
79884,48344,"48","291"
2236,46534,"48","243"
5262,31403,"48","247"
41318,41103,"48","249"
535187,74323,"48","339"
7207,45580,"48","111"
10822,31384,"48","127"
269624,40442,"48","479"
711421,93645,"48","157"
1929,68750,"48","011"
7891,44643,"48","069"
12755,42441,"48","445"
24479,41768,"48","331"
13492,42419,"48","093"
17289,38834,"48","145"
7251,24794,"48","047"
29292,62614,"48","015"
564,24800,"48","261"
358484,53317,"48","355"
3990,37995,"48","197"
63247,59081,"48","497"
1592,63021,"48","235"
31540,41700,"48","273"
21839,29104,"48","489"
164092,67371,"48","139"
14756,58504,"48","239"
12530,40227,"48","343"
83909,53667,"48","361"
9365,45862,"48","429"
7777,55000,"48","495"
4525519,57791,"48","201"
17577,70753,"48","003"
45017,57173,"48","053"
25939,56267,"48","171"
12651,59312,"49","027"
7246,50266,"49","025"
39731,94952,"49","043"
9544,46658,"49","019"
1860,41750,"49","031"
2307,52917,"49","033"
29306,74552,"49","051"
6414,47878,"49","001"
52182,58835,"49","003"
48504,45422,"49","021"
28892,50928,"49","039"
20961,50850,"49","041"
576496,67042,"49","049"
244101,62036,"49","057"
63357,66542,"49","045"
155577,55175,"49","053"
20259,63000,"49","013"
15193,42581,"49","037"
1106700,67922,"49","035"
36343,67012,"49","047"
702,85000,"49","009"
334977,75961,"49","011"
2700,42444,"49","055"
20512,46994,"49","007"
10410,51852,"49","015"
11014,86071,"49","029"
120288,53812,"49","005"
5020,51700,"49","017"
10694,57590,"49","023"
59676,52635,"50","021"
26951,45664,"50","019"
6950,66111,"50","013"
28901,56584,"50","017"
160985,66906,"50","007"
25191,54899,"50","015"
55485,56828,"50","027"
48816,62214,"50","011"
30576,47371,"50","005"
43332,50831,"50","025"
36054,52251,"50","003"
36825,61875,"50","001"
6203,38767,"50","009"
58691,60602,"50","023"
324073,66447,"51","087"
51956,36779,"51","089"
25564,84770,"51","099"
16329,67423,"51","101"
10848,51495,"51","103"
24428,32590,"51","105"
34813,56946,"51","109"
8830,63622,"51","115"
10710,50483,"51","119"
22903,44147,"51","147"
37704,68461,"51","149"
8873,47341,"51","159"
78653,57651,"51","165"
22290,38725,"51","169"
130159,81434,"51","177"
6670,54656,"51","181"
15462,54875,"51","011"
14331,72129,"51","043"
56277,51208,"51","067"
7052,51495,"51","097"
30959,41126,"51","117"
97692,53424,"51","121"
20523,78429,"51","127"
74390,59544,"51","015"
9797,43020,"51","049"
15181,29916,"51","051"
22148,86652,"51","075"
35030,39233,"51","083"
374558,129588,"51","107"
13108,52287,"51","113"
450763,101059,"51","153"
93419,62134,"51","161"
18089,53681,"51","175"
2213,45094,"51","091"
16435,40871,"51","025"
29889,60925,"51","033"
37035,63881,"51","073"
11998,41468,"51","131"
17958,37757,"51","141"
28364,80441,"51","145"
22440,53918,"51","163"
42854,53934,"51","171"
68406,94775,"51","061"
7022,55069,"51","036"
49795,69693,"51","047"
28033,54640,"51","053"
19213,62952,"51","079"
103218,84955,"51","085"
12369,39537,"51","111"
35265,67196,"51","137"
5495,27426,"51","595"
29048,46119,"51","197"
235410,72214,"51","550"
17582,50952,"51","570"
53064,43009,"51","660"
105105,72265,"51","003"
6524,46927,"51","021"
77319,59405,"51","019"
33149,64733,"51","023"
17048,46610,"51","029"
79237,41971,"51","680"
67196,86781,"51","199"
220892,42356,"51","760"
13256,33545,"51","690"
14863,53834,"51","125"
11083,50629,"51","057"
61970,44356,"51","143"
4043,26971,"51","720"
24273,46435,"51","790"
26109,67964,"51","065"
12802,58535,"51","007"
17380,36082,"51","750"
27516,49330,"51","840"
32840,42260,"51","001"
5131,53526,"51","045"
15594,48396,"51","063"
16867,49734,"51","071"
15708,32048,"51","077"
15537,38410,"51","135"
7359,62541,"51","157"
39539,38255,"51","195"
17077,37844,"51","520"
5675,35546,"51","580"
95536,48727,"51","740"
14817,54606,"51","830"
450057,70500,"51","810"
15489,46020,"51","005"
29767,41145,"51","035"
6788,31311,"51","640"
54457,44844,"51","191"
17596,55688,"51","193"
12254,56677,"51","133"
23694,46140,"51","139"
34330,49691,"51","155"
38991,65353,"51","187"
154710,93370,"51","510"
41911,34951,"51","590"
28135,57258,"51","630"
136255,52021,"51","650"
31819,49677,"51","009"
229534,112138,"51","013"
4458,44483,"51","017"
22353,40712,"51","670"
22611,30828,"51","027"
180775,51082,"51","700"
83784,71037,"51","069"
141159,103005,"51","179"
42689,40309,"51","185"
6495,33672,"51","530"
13843,114795,"51","610"
16117,79131,"51","685"
32037,33939,"51","730"
12022,88328,"51","735"
11595,44608,"51","183"
23580,106870,"51","600"
21620,42112,"51","820"
41379,77551,"51","683"
99572,41483,"51","770"
25521,53990,"51","775"
88057,68089,"51","800"
245752,47137,"51","710"
12176,38350,"51","037"
335594,76969,"51","041"
1142004,117515,"51","059"
11606,42121,"51","081"
36090,67767,"51","093"
73028,80772,"51","095"
27725,40083,"51","167"
8334,38760,"51","620"
31298,40544,"51","173"
46487,54739,"51","540"
7113,37309,"51","678"
55158,48823,"51","031"
68438,48315,"54","033"
42906,45777,"54","069"
10005,41497,"54","085"
7450,36279,"54","013"
17510,46346,"54","065"
21241,37075,"54","043"
77097,42386,"54","081"
14345,41266,"54","007"
56644,59113,"54","079"
16790,37516,"54","001"
23236,37955,"54","005"
19707,25595,"54","047"
41063,38905,"54","099"
22130,37644,"54","109"
29123,41731,"54","035"
60963,37763,"54","055"
24604,39434,"54","097"
8637,33390,"54","101"
111610,59480,"54","003"
44602,39297,"54","019"
11673,40093,"54","023"
23412,36575,"54","027"
13210,35218,"54","089"
23067,48835,"54","009"
8570,44437,"54","017"
35523,40483,"54","025"
13812,42573,"54","031"
56575,48158,"54","049"
27421,40749,"54","057"
25150,31227,"54","059"
29921,43634,"54","029"
16371,39793,"54","041"
32006,42473,"54","051"
25496,39037,"54","067"
8574,37111,"54","075"
7035,43294,"54","093"
8949,40902,"54","095"
29152,40094,"54","083"
14348,37931,"54","087"
16977,45916,"54","091"
5800,38936,"54","105"
86016,45537,"54","107"
8901,34242,"54","015"
8305,37175,"54","021"
27000,38977,"54","053"
103715,49624,"54","061"
13517,36684,"54","063"
7527,45152,"54","073"
15793,40694,"54","103"
96100,37816,"54","011"
55673,72526,"54","037"
187827,46859,"54","039"
34428,37859,"54","045"
7138,39554,"54","071"
33760,46673,"54","077"
121725,59263,"53","057"
43858,47272,"53","065"
490764,52159,"53","063"
10344,49460,"53","043"
75138,54975,"53","007"
103590,49804,"53","015"
7568,41081,"53","019"
21172,51258,"53","039"
30524,51842,"53","031"
258903,68336,"53","035"
2118119,83571,"53","033"
20940,39895,"53","049"
13066,49184,"53","051"
16221,60271,"53","055"
11498,53606,"53","059"
47794,41574,"53","075"
248279,47470,"53","077"
73439,48002,"53","009"
76012,46387,"53","041"
40585,55805,"53","017"
71454,45483,"53","027"
80323,61516,"53","029"
845193,63881,"53","053"
4105,49508,"53","069"
89124,60275,"53","021"
59862,52630,"53","071"
93420,52382,"53","025"
212738,56419,"53","073"
771904,78020,"53","061"
41377,42598,"53","047"
43726,53163,"53","037"
269885,66113,"53","067"
190529,63001,"53","005"
3999,46250,"53","013"
457474,67832,"53","011"
22259,47483,"53","003"
19261,48131,"53","001"
2226,51399,"53","023"
61569,53087,"53","045"
13479,48422,"56","015"
20758,54672,"56","041"
8253,51362,"56","043"
4741,48403,"56","017"
40354,55013,"56","013"
10037,84911,"56","035"
7117,59605,"56","045"
48116,80178,"56","005"
18791,63756,"56","023"
8562,52415,"56","019"
81023,59400,"56","025"
97031,62879,"56","021"
14166,62776,"56","009"
2479,36793,"56","027"
22923,80049,"56","039"
44527,71083,"56","037"
8703,47380,"56","031"
29964,56455,"56","033"
11920,51716,"56","003"
7347,66944,"56","011"
29276,60828,"56","029"
37944,45816,"56","001"
15689,57644,"56","007"
16313,47331,"55","023"
79680,51053,"55","071"
41226,66772,"55","093"
115094,56114,"55","117"
15779,41505,"55","003"
49737,70662,"55","015"
37465,55762,"55","083"
5748,39855,"55","051"
34513,49131,"55","019"
30378,49996,"55","123"
15239,45891,"55","013"
51651,54071,"55","135"
18745,50276,"55","047"
63445,55240,"55","017"
4354,47827,"55","037"
84586,59215,"55","055"
13243,54753,"55","011"
117582,54127,"55","063"
258004,56775,"55","009"
27443,56494,"55","029"
29510,54009,"55","121"
44260,54605,"55","033"
396731,81140,"55","133"
20344,49821,"55","119"
9035,43356,"55","041"
16755,55859,"55","065"
45303,56479,"55","081"
63340,54447,"55","111"
73427,51603,"55","141"
19190,44122,"55","067"
4506,38080,"55","078"
183288,61523,"55","087"
70371,54620,"55","097"
522837,67631,"55","025"
167886,57269,"55","059"
43503,50730,"55","031"
45358,49257,"55","005"
102388,52178,"55","035"
20531,51108,"55","053"
23576,60017,"55","049"
13566,45680,"55","099"
15164,49052,"55","077"
35352,52945,"55","085"
195101,58334,"55","101"
169540,55128,"55","139"
15638,46592,"55","129"
17626,48234,"55","103"
36869,60609,"55","045"
87833,56038,"55","027"
24170,48412,"55","137"
20111,44003,"55","001"
51742,50522,"55","043"
87142,77768,"55","109"
27994,54203,"55","069"
56790,63293,"55","021"
20378,60320,"55","061"
135293,56509,"55","073"
102082,57798,"55","039"
16384,43565,"55","113"
7282,51470,"55","091"
87817,80526,"55","089"
40712,44958,"55","075"
956586,46784,"55","079"
43328,53551,"55","095"
161226,53410,"55","105"
102917,58401,"55","127"
15004,50110,"55","007"
14211,41930,"55","107"
21465,42720,"55","125"
41136,51751,"55","115"
26427,48817,"55","057"
133967,73021,"55","131"
15297,15615,"72","073"
24548,16082,"72","115"
42623,15296,"72","057"
17327,12653,"72","055"
14526,18292,"72","117"
23659,19893,"72","149"
26855,16733,"72","007"
188614,25528,"72","021"
16474,19674,"72","067"
40705,18191,"72","091"
26584,18976,"72","103"
54736,18735,"72","069"
47952,20228,"72","075"
39796,19110,"72","043"
37722,29354,"72","051"
37676,13413,"72","099"
27321,12820,"72","081"
38253,20587,"72","085"
51768,22584,"72","119"
355181,21677,"72","127"
1494,23355,"72","049"
47074,32625,"72","063"
29239,16246,"72","123"
24583,17113,"72","017"
38589,18053,"72","143"
54754,18900,"72","145"
27242,17273,"72","087"
29112,18069,"72","105"
161684,29082,"72","031"
38970,14275,"72","131"
74169,29672,"72","135"
31785,18739,"72","101"
79615,14642,"72","097"
81905,24583,"72","137"
8931,16261,"72","147"
18952,19377,"72","089"
29237,15694,"72","019"
21906,14296,"72","107"
38689,18589,"72","129"
27892,18765,"72","011"
12238,18998,"72","037"
17325,14432,"72","039"
19914,13523,"72","045"
43314,16333,"72","071"
37585,14451,"72","153"
90773,34060,"72","061"
6180,13462,"72","093"
24008,18387,"72","009"
19578,14988,"72","059"
55722,16821,"72","005"
49726,16461,"72","023"
33075,18941,"72","053"
39704,18533,"72","077"
23893,13896,"72","079"
23610,15736,"72","121"
8874,14404,"72","083"
17769,14512,"72","109"
45431,20442,"72","035"
32937,15036,"72","125"
30209,15931,"72","141"
34933,14752,"72","047"
11297,17636,"72","095"
21661,16868,"72","111"
89550,17289,"72","013"
18504,15689,"72","015"
35025,15586,"72","151"
39470,16199,"72","003"
22475,16816,"72","133"
69478,31202,"72","139"
134269,24229,"72","025"
46779,19986,"72","029"
41181,20389,"72","041"
18525,11680,"72","001"
32936,17579,"72","027"
148863,16561,"72","113"
25595,18663,"72","033"
12140,16919,"72","054"
40978,17770,"72","065"
